category,name,sku,size,description,price,style_general,activity_general,material,sleeve,collar,pattern,climate,color,eco_collection,performance_fabric,erin_recommends,new,sale,special_price,attribute_set
"Women
Tops
Hoodies & Sweatshirts
Collections
New Luma Yoga Collection
Collections
Erin Recommends","Mona Pullover Hoodlie",WH01,"XS
S
M
L
XL","Whether you're after energizing activity or eye-catching apparel, the Mona Pullover is what you want. You'll stay warm and look fashionable, wherever you are.<br /> <br /> &bull; Light green heathered hoodie. <br /> &bull; Long-Sleeve, pullover.<br /> &bull; Long elliptical hem for extra coverage.<br /> &bull; Deep button placket for layering.<br /> &bull; Double rib design.<br /> &bull; Mid layer, mid weight.<br /> &bull; 98% Merino Wool / 2% Spandex",57,"Hoodie
Pullover","Gym
Outdoor
Running
Warmup
Yoga
Lounge","Wool
Spandex",Long-Sleeve,"Boat Neck",Solid,"All-weather
Cool
Mild
Spring","Green
Purple
Orange",,,1,1,,,Top
"Women
Tops
Hoodies & Sweatshirts
Promotions
Women Sale","Hera Pullover Hoodie",WH02,"XS
S
M
L
XL","<p>Get ready to rule the studio and dominate the yoga mat in the Hera Pullover Hoodie, a cozy yet classy look for any level of yogi.</p>
<p>&bull; Teal with purple stiching.<br />&bull; Hoodie pullover.<br />&bull; Snug fit.</p>",48.00,"Hoodie
Pullover","Gym
Warmup
Post-workout
Yoga
Lounge","Wool
Nylon",Long-Sleeve,Crew,Solid,"All-weather
Cool
Mild
Spring","Blue
Green
Orange",,,,,1,39.00,Top
"Women
Tops
Hoodies & Sweatshirts","Autumn Pullie",WH03,"XS
S
M
L
XL","<p>With ultra-soft fleece fabric and an athletic design, our short-sleeve Autumn Pullie delivers a comfortable fit that makes it an everyday essential. A luxurious roll neck protects you from elements.</p>
<p>&bull; Cayenne Short-Sleeve roll neck sweatshirt. <br />&bull; Relaxed fit. <br />&bull; Short-Sleeves. <br />&bull; Machine wash/dry.</p>",57,"Pullover
Sweatshirt","Yoga
Lounge","Fleece
Cotton
Polyester",Short-Sleeve,"Roll Neck",Solid,"Indoor
Mild
Spring","Red
Green
Purple",,,,,,,Top
"Women
Tops
Hoodies & Sweatshirts","Miko Pullover Hoodie",WH04,"XS
S
M
L
XL","<p>After quality gym time, put on the Miko Pullover Hoody and keep your body warm. You'll find it's fashionable enough for the streets, but comfy enough to relax in at home.</p>
<p>&bull; Teal two-tone hoodie.<br />&bull; Low scoop neckline.<br />&bull; Adjustable hood drawstrings.<br />&bull; Longer rounded hemline for extra back coverage.<br />&bull; Long-Sleeve style.</p>",69,"Pullover
Sweatshirt","Gym
Outdoor
Running
Warmup
Yoga
Lounge","Jersey
Spandex",Long-Sleeve,Scoop,Solid,"All-weather
Cool
Spring","Blue
Purple
Orange",,,,,,,Top
"Women
Tops
Hoodies & Sweatshirts","Selene Yoga Hoodie",WH05,"XS
S
M
L
XL","<p>The Selene Yoga Hoodie gets you to and from the studio in semi form-fitted comfort. Snug, sleek contours add fashion to function in this free-moving yoga warm up sweatshirt.</p>
<p>&bull; Ivory heather full zip 3/4 sleeve hoodie.<br />&bull; Zip pocket at arm for convenient storage.<br />&bull; 24.0"" body length.<br />&bull; 89% Polyester / 11% Spandex.</p>",42,"Hoodie
Full zip","Gym
Post-workout
Warmup
Lounge","Polyester
Spandex",Sleeve,V-neck,Solid,"Indoor
Mild
Spring","White
Purple
Orange",,,,,,,Top
"Women
Tops
Hoodies & Sweatshirts","Daphne Full-Zip Hoodie",WH06,"XS
S
M
L
XL","<p>The Daphne Hoodie is an attractive yet rugged layering or outer piece, especially for chilly days en route the studio, doing yardwork or enjoying outdoor recreation.</p>
<p>&bull; Purple full zip hoodie with pink accents. <br />&bull; Heather texture.<br />&bull; 4-way stretch.<br />&bull; Pre-shrunk.<br />&bull; Hood lined in vegan Sherpa for added warmth.<br />&bull; Ribbed hem on hood and front pouch pocket.<br />&bull; 60% Cotton / 40% Polyester.</p>",59,"Hoodie
Full zip","Outdoor
Post-workout
Running","Cotton
Polyester",Long-Sleeve,V-neck,Solid,"All-weather
Cold
Cool
Spring
Windy
Wintry",Purple,,,,,,,Top
"Women
Tops
Hoodies & Sweatshirts
Collections
New Luma Yoga Collection
Collections
Erin Recommends","Phoebe Zipper Sweatshirt",WH07,"XS
S
M
L
XL","<p>A sophisticated layer of warmth awaits you in our full-zip sweatshirt jacket. You'll reach for this one in any season to enjoy its sturdy exterior and plush interior.</p>
<p>&bull; Gray full zip hoodie with yellow detail.<br />&bull; Hand-warmer pockets. <br />&bull; Zip MP3 pocket with outlet for earphones wire. <br />&bull; Polyester/cotton. <br />&bull; Washable.</p>",59,"Hoodie
Sweatshirt
Full zip","Outdoor
Running
Warmup","Cotton
Polyester",Long-Sleeve,Crew,Solid,"Cool
Indoor
Mild","Gray
Purple
White",,,1,1,,,Top
"Women
Tops
Hoodies & Sweatshirts
Promotions
Women Sale
Collections
Performance Fabrics","Cassia Funnel Sweatshirt",WH08,"XS
S
M
L
XL","<p>The casual Cassia Funnel Sweatshirt sports front angled pockets and a drawstring stretch funnel hoodie. A cowl front neck pairs with a tagless label at back neck.</p>
<p>&bull; White full zip hoodie with gray detail.<br />&bull; 65% Cotton/28% Nylon/7% Spandex.<br />&bull; Front slash pockets.<br />&bull; Tagless label at back neck.</p>",48.00,"Hoodie
Full zip","Outdoor
Post-workout
Running
Warmup
Lounge","Nylon
Cotton
Spandex",Long-Sleeve,Scoop,Solid,"All-weather
Cool
Indoor
Mild
Spring","White
Purple
Orange",,1,,,1,39.00,Top
"Women
Tops
Hoodies & Sweatshirts
Collections
Eco Friendly","Ariel Roll Sleeve Sweatshirt",WH09,"XS
S
M
L
XL","<p>Soft, sleek and subtle, the Ariel Roll Sleeve Sweatshirt is a nuanced fitness garment for all occasions. It works equally well as a workout piece or in a casual social setting.</p>
<p>&bull; Purple two-tone lightweight hoodie. <br />&bull; 100% cotton.<br />&bull; Adjustable roll sleeves for Long-Sleeve or 3/4 sleeve.<br />&bull; Casual, comfy piece for running errands or weekend activities.</p>",39,"Hoodie
Pullover","Gym
Outdoor
Post-workout
Running
Warmup
Yoga
Lounge",Cotton,Long-Sleeve,Crew,Color-Blocked,"Indoor
Mild
Spring
Warm","Purple
Red
Green",1,,,,,,Top
"Women
Tops
Hoodies & Sweatshirts
Collections
New Luma Yoga Collection","Helena Hooded Fleece",WH10,"XS
S
M
L
XL","<p>Wear this hoodie after the gym or before a chilly weather bike ride. Either way, this versatile sweatshirt offers an effortlessly appealing silhouette and a super-comfy fit. Smooth, stretchy fabric creates flattering shape, while the full-zip placket and hood help block gusty winds.</p>
<p>Full zip. <br />Banded cuffs and waist. <br />Front pockets. <br />Machine wash/dry.</p>",55,"Hoodie
Full zip","Outdoor
Post-workout
Running
Warmup","Cotton
Polyester
Spandex",Long-Sleeve,V-neck,Solid,"Cool
Spring","Gray
Blue
Yellow",,,,1,,,Top
"Women
Tops
Hoodies & Sweatshirts
Collections
Erin Recommends","Eos V-Neck Hoodie",WH11,"XS
S
M
L
XL","<p>Getting chilly before class starts? Wear the Eos on your way to and from yoga for a cute and cozy warmup piece. Reach for its reliable comfort and enjoy a super-soft blend of fabrics finished in sporty style that includes a hidden kangaroo pocket.</p>
<p>Semi-fitted. <br />Long-Sleeve. <br />Machine wash/line dry.</p>",54,"Pullover
Sweatshirt","Gym
Yoga
Lounge","Fleece
Polyester
Spandex",Long-Sleeve,V-neck,Solid,"Cool
Indoor
Mild","Blue
Orange
Green",,,1,,,,Top
"Women
Tops
Hoodies & Sweatshirts
Collections
Performance Fabrics","Circe Hooded Ice Fleece",WH12,"XS
S
M
L
XL","<p>Keep shivers at bay with the Circe Hooded Ice Fleece. Ultra-thick, high-pile fleece traps your body heat and keeps cold outside. The drawstring hood and ribbed details add extra coziness and touches of classic style. Its relaxed fit is loose enough to layer comfortably over your shirt.</p>
<p>Full-zip front. <br />Three-panel hood. <br />Flatlock seams throughout. <br />Welt hand pockets. <br />Machine wash/dry.</p>",68,"Hoodie
Sweatshirt
Full zip","Outdoor
Post-workout
Warmup","Fleece
CoolTech&trade;",Long-Sleeve,"Stand Collar",Solid,"Cold
Cool
Wintry","Gray
Green
Purple",1,1,,,,,Top
"Women
Tops
Jackets
Collections
New Luma Yoga Collection
Collections
Erin Recommends","Stellar Solar Jacket",WJ01,"S
M
L","<p>Beat the heat and protect yourself from sunrays with the Stellar Solar Jacket. It's loaded with all the engineered features you need for an intense, safe outdoor workout: 100% UV protection, a breathable perforated construction, and advanced moisture-wicking technology.</p>
<p>&bull; Loose fit. <br />&bull; Reflectivity. <br />&bull; Flat seams. <br />&bull; Machine wash/dry.<br />&bull; Deep pink jacket with front panel rouching</p>",75,"Jacket
Hooded
Soft Shell
Full zip","Hike
Outdoor
Running
Warmup
Yoga
Lounge","Cocona&reg; performance fabric
Wool
Fleece",Long-Sleeve,"High Collar",Solid,"All-weather
Mild
Spring
Windy","Red
Blue
Yellow",1,,1,1,,,Top
"Women
Tops
Jackets
Promotions
Women Sale","Josie Yoga Jacket",WJ02,"XS
S
M
L
XL","<p>When your near future includes yoga, the cozy comfort of the Josie Yoga Jacket gets your mind and body ready. Stretchy CoolTech&trade; fabric with zipper pockets makes this jacket the right gear for studio time or teatime after.</p>
<p>&bull; Slate rouched neck pullover.<br />&bull; Moisture-wicking fabric.<br />&bull; Hidden zipper.<br />&bull; Mesh armpit venting.<br />&bull; Dropped rear hem.</p>",56.25,"Jacket
Pullover
Lightweight
Soft Shell","Gym
Warmup
Yoga","Polyester
Spandex
CoolTech&trade;",Long-Sleeve,"High Collar
",Solid,"Indoor
Mild
Spring","Gray
Blue
Black",,,,,1,45.00,Top
"Women
Tops
Jackets","Augusta Pullover Jacket",WJ03,"XS
S
M
L
XL","<p>It's hard to be uncomfortable in the Augusta Pullover Jacket with &frac14; zip. With an incredibly soft fleece lining and textured outer fabric, it offers reliable protection from the elements and a cozy fit as well.</p>
<p>&bull; Pink half-zip pullover. <br />&bull; Front pouch pockets. <br />&bull; Fold-down collar.</p>",57,"Jacket
Pullover
Soft Shell
Windbreaker
&frac14; zip","Hike
Outdoor
Warmup","Fleece
Polyester",Long-Sleeve,"High Collar",Solid,"All-weather
Cool
Indoor
Mild
Spring","Blue
Red
Orange",,,,,,,Top
"Women
Tops
Jackets
Collections
New Luma Yoga Collection
Collections
Performance Fabrics","Ingrid Running Jacket",WJ04,"XS
S
M
L
XL","<p>The Ingrid Running Jacket combines sleek design and high performance with slim, contoured fit and moisture-wicking fabric. It features a full-zip construction and a collared neck to keep the elements out and body heat in. <br />&bull; Slim fit. <br />&bull; Moisture-wicking fabric. <br />&bull; Two side pockets. <br />&bull; Zippered pocket at back waist. <br />&bull; Machine wash/dry.<br />&bull; Ivory specked full zip</p>",84,"Jacket
Lightweight
Full zip","Outdoor
Running
Warmup","Nylon
Polyester
CoolTech&trade;",Long-Sleeve,"High Collar",Solid,"Cool
Spring
Windy
Wintry","White
Orange
Red",,1,,1,,,Top
"Women
Tops
Jackets","Riona Full Zip Jacket",WJ05,"XS
S
M
L
XL","<p>The Riona Basic Zip Jacket makes the perfect extra layer for cold-weather workouts. It features amazing breathability and moisture management, but full-length zipper lets you moderate your core temperature even more.</p>
<p>&bull; Brown heather full zip rouched jacket.<br />&bull; Side hand pockets for extra storage.<br />&bull; High collar.<br />&bull; Thick cuffs for extra coverage.<br />&bull; Durable, shape retention material to longer wear.</p>",60,"Insulated
Jacket
Hooded
Soft Shell
Windbreaker
Full zip","Hike
Outdoor
Running
Warmup
Cross-training","Wool
LumaTech&trade;
Lycra&reg;",Long-Sleeve,"High Collar",Solid,"Cold
Cool
Spring
Wintry","Brown
Green
Red",,,,,,,Top
"Women
Tops
Jackets","Inez Full Zip Jacket",WJ07,"XS
S
M
L
XL","<p>The Inez Full Zip jacket is more than a cute layer. It's a full-on tech wonder you'll use for outdoor, pre and post workout. You'll love how the highlighted zipper and sleeve safety trim protect and catch looks.</p>
<p>&bull; Purple heather inset full zip jacket.<br />&bull; Full zip hoodie.<br />&bull; Contrast binding along the zipper, hood and sleeves.<br />&bull; Inseam pockets for storage.<br />&bull; Thumbholes for comfortable fit.</p>",59,"Insulated
Jacket
Hooded
Soft Shell
Full zip","Outdoor
Running
Warmup
Post-workout","Nylon
Polyester
Spandex
CoolTech&trade;",Long-Sleeve,"High Collar",Color-Blocked,"Cool
Mild
Rainy
Spring
Windy","Purple
Red
Orange",,,,,,,Top
"Women
Tops
Jackets
Promotions
Women Sale
Collections
Erin Recommends","Adrienne Trek Jacket",WJ08,"XS
S
M
L
XL","<p>You're ready for a cross-country jog or a coffee on the patio in the Adrienne Trek Jacket. Its style is unique with stand collar and drawstrings, and it fits like a jacket should.</p>
<p>&bull; gray 1/4 zip pullover.<br />&bull; Comfortable, relaxed fit.<br />&bull; Front zip for venting.<br />&bull; Spacious, kangaroo pockets.<br />&bull; 27"" body length.<br />&bull; 95% Organic Cotton / 5% Spandex.</p>",57.00,"Jacket
Lightweight
Rain Coat
Hard Shell
Windbreaker
&frac14; zip","Hike
Outdoor
Running
Cross-training","Cotton
Spandex",Long-Sleeve,"High Collar",Solid,"All-weather
Cool
Mild
Spring
Wintry","Gray
Purple
Orange",1,,1,,1,48.00,Top
"Women
Tops
Jackets
Collections
Erin Recommends","Jade Yoga Jacket",WJ09,"XS
S
M
L
XL","<p><br />If only all your other jackets were as comfortable as the relaxed-fit Jade Yoga Jacket, perfect for use during stretching, biking to and from studio or strolling on breezy fall days.</p>
<p>&bull; Seafoam 1/4 zip pullover with purple stitching.<br />&bull; Lightweight, quick-drying, water-resistant construction.<br />&bull; Shirred details at front and back for a feminine look.<br />&bull; Hood collapses into collar.<br />&bull; Mesh liner for breathability.<br />&bull; Front zip pockets.<br />&bull; Hem cinches at sideseam.<br />&bull; 100% Polyester.</p>",32,"Jacket
Lightweight
Hooded
Soft Shell
&frac14; zip","Gym
Running
Warmup
Yoga
Cross-training",Polyester,Long-Sleeve,"High Collar",Solid,"Cool
Mild
Spring
Windy","Green
Blue
Gray",1,,1,,,,Top
"Women
Tops
Jackets
Collections
New Luma Yoga Collection
Collections
Performance Fabrics","Nadia Elements Shell",WJ10,"XS
S
M
L
XL","<p>Protect yourself from wind and rain in the stylish Nadia Elements Shell. It repels water using hydro-resistant fabric, with fleece lining that adds a touch of warmth. It's finished with bold contrast zippers, adjustable cuffs and a hood.</p>
<p>&bull; Zippered front. <br />&bull; Zippered side pockets. <br />&bull; Drawstring-adjustable waist and hood. <br />&bull; Machine wash/line dry.<br />&bull; Light blue 1/4 zip pullover.</p>",69,"Insulated
Jacket
Rain Coat
Hard Shell
Windbreaker
Full zip","Hike
Outdoor
Running
Cross-training","Nylon
Polyester
CoolTech&trade;",Long-Sleeve,"High Collar",Solid,"Cool
Mild
Rainy
Spring
Windy","Yellow
Orange
Black",,1,,1,,,Top
"Women
Tops
Jackets
Collections
New Luma Yoga Collection","Neve Studio Dance Jacket",WJ11,"XS
S
M
L
XL","<p>If you're constantly on the move, the Neve Studio Dance Jacket is for you. It's not just for dance, either, with a tight fit that works as a mid-layer. The reversible design makes it even more versatile.</p>
<p>&bull; Bright blue 1/4 zip pullover.<br />&bull; CoolTech&trade; liner is sweat-wicking.<br />&bull; Sleeve thumbholes.<br />&bull; Zipper garage to protect your chin.<br />&bull; Stretchy collar drawcords.</p>",69,"Jacket
Pullover
Hooded
Lightweight
Soft Shell
&frac14; zip
Reversible","Gym
Post-workout
Warmup
Yoga","Lycra&reg;
Mesh
Nylon
CoolTech&trade;",Long-Sleeve,"High Collar",Solid,"Indoor
Mild
Spring","Blue
Black
Orange",,,,1,,,Top
"Women
Tops
Jackets
Promotions
Women Sale
Collections
Performance Fabrics","Juno Jacket",WJ06,"XS
S
M
L
XL","<p>On colder-than-comfortable mornings, you'll love warming up in the Juno All-Ways Performanc Jacket, designed to compete with wind and chill. Built-in Cocona&reg; technology aids evaporation, while a special zip placket and stand-up collar keep your neck protected.</p>
<p>&bull; Adjustable hood.</br>&bull; Fleece-lined, zippered hand pockets.</br>&bull; Thumbhole cuffs.</br>&bull; Full zip.</br>&bull; Mock-neck collar.</br>&bull; Machine wash/dry.</p>",77.00,"Insulated
Jacket
Heavy Duty
Hard Shell
Full zip
Reversible","Outdoor
Gym
Running","Cocona&reg; performance fabric
Fleece",Long-Sleeve,"Stand Collar",Solid,"Cold
Cool
Spring
Windy
Wintry","Purple
Blue
Green",,1,,,1,64.00,Top
"Women
Tops
Jackets
Promotions
Women Sale
Collections
Performance Fabrics","Olivia 1/4 Zip Light Jacket",WJ12,"XS
S
M
L
XL","<p>Running errands or headed to the gym, you just want to be comfortable. The Olivia Light Jacket promises that, plus a laid-back look. This zip-up is designed with shoulder stripes for an athletic touch, and banded waist and contoured seams for a flattering silhouette.</p>
<p>&bull; Loose fit.</br>&bull; Reflectivity.</br>&bull; Flat seams.</br>&bull; Machine wash/dry.</p>",77.00,"Jacket
Pullover
Lightweight
Soft Shell
&frac14; zip","Outdoor
Gym
Running
Warmup
Yoga","Cocona&reg; performance fabric
Nylon
Cotton",Long-Sleeve,"Stand Collar",Solid,"Spring
Warm
Windy","Purple
Blue
Black",,1,,,1,64.00,Top
"Women
Tops
Tees
Promotions
Tees
Collections
New Luma Yoga Collection","Gabrielle Micro Sleeve Top",WS02,"XS
S
M
L
XL
","<p>Luma's most popular top, the Gabrielle Micro Sleeve is back with even more comfort and style.</p>
<p>&bull; Lime green v-neck tee.<br />&bull; Slimming, flattering fit.<br />&bull; Moisture-wicking, quick-drying, anti-microbial, and anti-odor construction.<br />&bull; Longer curved hem provides additional coverage.<br />&bull; 55% Hemp / 45% Organic Cotton.</p>",28,Tee,"Gym
Outdoor
Running
Yoga","Cotton
Hemp","Micro Sleeve",V-neck,Solid,"Indoor
Warm","Green
Red
Blue",,,,1,,,Top
"Women
Tops
Tees
Promotions
Tees
Collections
Performance Fabrics","Iris Workout Top",WS03,"XS
S
M
L
XL
","<p>The Iris Workout Top is sleeveless, body fitting and moisture wicking for a fashionable, functional garment. Rouched textures add style.</p>
<p>&bull; Pink heather rouched v-neck.<br />&bull; Scoop neckline.<br />&bull; Angled flat seams.<br />&bull; Moisture wicking.<br />&bull; Body skimming.<br />&bull; 83% Polyester / 11% TENCEL&reg; Lyocell / 6% Lycra&reg; Spandex.</p>",29,Tee,"Gym
Outdoor
Running
Yoga","Lycra&reg;
Polyester
Spandex
TENCEL",Sleeveless,"Scoop Neck",Solid,"Indoor
Warm","Red
Green
Blue",,1,,,,,Top
"Women
Tops
Tees
Promotions
Tees
Collections
New Luma Yoga Collection
Collections
Eco Friendly","Layla Tee",WS04,"XS
S
M
L
XL","<p>Work out or hang out in chic style in the Layla Tee. With a lightweight sheer design and a roomy neckline, this tee fits you comfortably while looking stylish.</p>
<p>&bull; Teal tee.<br />&bull; Long back hem.<br />&bull; Dropped shoulders.</p>",29,Tee,"Gym
Outdoor
Running
Yoga",Cotton,"Micro Sleeve","Scoop Neck",Solid,"Indoor
Warm","Green
Blue
Red",1,,,1,,,Top
"Women
Tops
Tees
Promotions
Tees
Collections
New Luma Yoga Collection
Collections
Eco Friendly","Elisa EverCool&trade; Tee",WS06,"XS
S
M
L
XL","<p>When rising temps threaten to melt you down, Elisa EverCool&trade; Tee brings serious relief. Moisture-wicking fabric pulls sweat away from your skin, while the innovative seams hug your muscles to enhance your range of motion.</p>
<p>&bull; Purple heather v-neck tee.<br />&bull; Short-Sleeves.<br />&bull; Luma EverCool&trade; fabric. <br />&bull; Machine wash/line dry.</p>",29,Tee,"Running
Yoga
Lounge","EverCool&trade;
Organic Cotton",Short-Sleeve,V-neck,Solid,"Indoor
Warm","Purple
Red
Gray",1,,,1,,,Top
"Women
Tops
Tees
Promotions
Tees
Collections
New Luma Yoga Collection
Collections
Erin Recommends","Juliana Short-Sleeve Tee",WS07,"XS
S
M
L
XL
","<p>The Juliana Short-Sleeve Tee gives you more than sporty style. Consider that its soft Cocona&reg; polyester fabric accelerates evaporation to help keep you dry and comfortable, too. And a selection of colors lets you get more than one.</p>
<p>&bull; Black scoop neck tee.<br />&bull; Side rouching.<br />&bull; Relaxed fit.</p>",42,Tee,"Gym
Outdoor
Running
Yoga","Cocona&reg; performance fabric
Polyester",Short-Sleeve,"Scoop Neck",Solid,"Indoor
Warm","Black
White
Yellow",,1,1,1,,,Top
"Women
Tops
Tees
Promotions
Tees
Promotions
Women Sale","Minerva LumaTech&trade; V-Tee",WS08,"XS
S
M
L
XL
","<p>Don't be fooled by the simple design of our Minerva LumaTech&trade; V-Neck Tee. This classic training top features the same serious sweat-wicking technology as some of the more expensive tees in our lineup.</p>
<p>&bull; Navy blue heather soft v-neck tee.<br />&bull; Flatlock seams for chafe-free comfort.<br />&bull; Relaxed cut.<br />&bull; Ultra-lightweight fabric.<br />&bull; Machine wash/dry.</p>",32.00,Tee,"Gym
Outdoor
Running","Cotton
Lycra&reg;","Micro Sleeve",V-neck,Solid,"Indoor
Warm","Blue
Black
Red",,,,,1,27.00,Top
"Women
Tops
Tees
Promotions
Tees
Promotions
Women Sale
Collections
Eco Friendly","Tiffany Fitness Tee",WS09,"XS
S
M
L
XL","<p>You'll work out and look cute doing it in the short-sleeve Tiffany Fitness Tee. The longer length and fitted cut offer a smoother silhouette, while scoop neck pattern and drape effects lend a trendy touch.</p>
<p>&bull; Teal soft scoop neck tee.<br />&bull; Contrast stitching pattern. <br />&bull; Machine wash/dry.</p>",28.00,Tee,"Running
Yoga","Organic Cotton","Micro Sleeve","Scoop Neck",Solid,"Indoor
Warm","White
Blue
Red",1,,,,1,24.00,Top
"Women
Tops
Tees
Promotions
Tees
Collections
Performance Fabrics","Karissa V-Neck Tee",WS10,"XS
S
M
L
XL
","<p>The Karissa V-Neck Tee features a semi-fitted shape that's flattering for every figure. You can hit the gym with confidence while it hugs curves and hides common ""problem"" areas.</p>
<p>&bull; Pink heather soft v-neck tee. <br />&bull; Luma signature micro sleeves.<br />&bull; Semi-fitted. <br />&bull; Machine wash/dry.</p>",32,Tee,"Gym
Yoga","Cotton
EverCool&trade;","Micro Sleeve",V-neck,Solid,"Indoor
Warm","Red
Yellow
Green",,1,,,,,Top
"Women
Tops
Tees
Promotions
Tees
Promotions
Women Sale
Collections
Erin Recommends","Diva Gym Tee",WS11,"XS
S
M
L
XL
","<p>The Diva Gym Tee feels like your favorite right out of the mailbox. Micro-sleeved, lightweight and extra comfortable, it's a casual staple that hides incredible comfort behind a laid-back, carefree look.</p>
<p>&bull; Bright yellow v-neck tee.<br />&bull; Moisture-wicking fabric. <br />&bull; Long-Sleeves. <br />&bull; Machine wash/line dry.</p>",32.00,Tee,"Gym
Outdoor
Running","Cocona&reg; performance fabric
Polyester","Micro Sleeve",V-neck,Solid,"Indoor
Warm","Yellow
Orange
Green",,,1,,1,28.00,Top
"Women
Tops
Tees
Promotions
Tees
Collections
Performance Fabrics","Radiant Tee",WS12,"XS
S
M
L
XL
","<p>So light and comfy, you'll love the Radiant Tee's organic fabric, feel, performance and style. You may never want to stop moving in this shirt.</p>
<p>&bull; Salmon soft scoop neck tee.<br />&bull; Athletic, semi-form fit.<br />&bull; Flat seams prevent chafing.<br />&bull; 67% Organic Cotton / 28% Hemp / 5% Spandex.</p>",22,Tee,"Gym
Outdoor
Running
Yoga","Hemp
Organic Cotton
Spandex","Micro Sleeve","Scoop Neck",Solid,"Indoor
Warm","Blue
Orange
Purple",1,1,,,,,Top
"Women
Tops
Tees
Promotions
Tees","Gwyn Endurance Tee",WS01,"XS
S
M
L
XL
","<p>When the miles add up, comfort is crucial. The short-sleeve Gwyn Endurance Tee is designed with an ultra-lightweight blend of breathable fabrics to help you tackle your training. Female-specific seams and a sporty v-neckline offer subtle style.</p>
<p>&bull; Short-Sleeves.<br />&bull; Machine wash/line dry.</p>",24,Tee,"Gym
Outdoor
Running","HeatTec&reg;
Polyester",Short-Sleeve,V-neck,Solid,"Indoor
Warm","Black
Green
Yellow",,,,,,,Top
"Women
Tops
Tees
Promotions
Tees","Desiree Fitness Tee",WS05,"XS
S
M
L
XL
","<p>When you're too far to turn back, thank yourself for choosing the Desiree Fitness Tee. Its ultra-lightweight, ultra-breathable fabric wicks sweat away from your body and helps keeps you cool for the distance.</p>
<p>&bull; Short-Sleeves.<br />&bull; Performance fabric.<br />&bull; Machine wash/line dry.</p>",24,Tee,"Gym
Outdoor
Running","HeatTec&reg;
Polyester",Short-Sleeve,Crew,Solid,"Indoor
Warm","Black
Yellow
Orange",,,,,,,Top
"Women
Tops
Bras & Tanks
Promotions
Women Sale
Collections
Eco Friendly","Electra Bra Top",WB01,"XS
S
M
L
XL
","<p>A heavenly soft and stylish eco garment, the Electra Bra Top is perfect for wearing on its own as a hot yoga top or layered under a tank.</p>
<p>&bull; Gray rouched bra top.<br />&bull; Attractive back straps feature contrasting motif fabric.<br />&bull; Interior bra top is lined with breathable mesh.<br />&bull; Elastic underband for superior support.<br />&bull; Removable cup inserts.<br />&bull; Chafe-free flat lock seams provide added comfort.</p>",39.00,Bra,"Gym
Outdoor
Running
Yoga","EverCool&trade;
Organic Cotton
Polyester","Sleeveless
Tank
Strap","Scoop Neck",Solid,"Indoor
Warm","Gray
Black
Purple",1,,,,1,32.00,Top
"Women
Tops
Bras & Tanks","Erica Evercool Sports Bra",WB02,"XS
S
M
L
XL
","<p>Perfect for medium-impact workouts, our Erica EverCool&trade; Sports Bra brings a brilliant combo of comfort and style. Moisture-wicking technology keeps you dry, and the flattering hybrid racerback promises an unbeatable range of motion.</p>
<p>&bull; Honeycomb light blue bra top.<br />&bull; Elastic hem.<br />&bull; Reinforced binding. <br />&bull; Machine wash/dry.</p>",39,Bra,"Gym
Outdoor
Running
Yoga","EverCool&trade;
Lycra&reg;","Sleeveless
Tank
Strap","Scoop Neck",Solid,"Indoor
Warm","Blue
Yellow
Orange",,,,,,,Top
"Women
Tops
Bras & Tanks
Collections
New Luma Yoga Collection
Collections
Performance Fabrics","Celeste Sports Bra",WB03,"XS
S
M
L
XL
","<p>Whatever your goals for the day's workout, the Celeste Sports Bra lets you do it in comfort and coolness, plus enhanced support and shaping. A power mesh back zone and moisture-wicking fabric ensure you stay dry.</p>
<p>&bull; Mint bra top. <br />&bull; Seam-free interior molded cups<br />&bull; Odor control. <br />&bull; UV protection. <br />&bull; Machine wash/dry.</p>",39,Bra,"Gym
Outdoor
Running
Yoga","Cocona&reg; performance fabric
Organic Cotton","Sleeveless
Strap","Scoop Neck",Solid,"Indoor
Warm","Green
Red
Yellow",,1,,1,,,Top
"Women
Tops
Bras & Tanks","Prima Compete Bra Top",WB04,"XS
S
M
L
XL
","<p>Pull on the Prima Compete Bra Top and you'll love the fabric: soft, stretchy, and ultra lightweight. But you'll also love the racerback cut, for freer movement through all your athletic feats. <br />`<br />&bull; Colorblocked details.<br />&bull; Machine wash/line dry.</p>",24,Bra,"Gym
Outdoor
Running
Yoga","EverCool&trade;
Organic Cotton
Spandex","Sleeveless
Strap","Scoop Neck",Solid,"Indoor
Warm","Blue
Purple
Yellow",,,,,,,Top
"Women
Tops
Bras & Tanks","Lucia Cross-Fit Bra ",WB05,"XS
S
M
L
XL
","<p>Being cool is a big part of being comfy, which is why the Lucia Cross-Fit Bra features moisture-wicking technology as well as soft, lightweight fabric.</p>
<p>&bull; Black/white bra top. <br />&bull; Criss-cross back design. <br />&bull; Machine wash/dry.</p>",39,Bra,"Gym
Outdoor
Running
Yoga","Microfiber
Nylon
Polyester",Strap,"Square Neck",Checked,"Indoor
Warm","Black
Purple
Orange",,,,,,,Top
"Women
Tops
Bras & Tanks
Collections
Eco Friendly","Bella Tank",WT01,"XS
S
M
L
XL
","<p>Style, performance and comfort mix it up in the Bella Tank. With striking color block contrast, fitted form and a built-in bra, you'll be supported and stylish at the same time.</p>
<p>&bull; Navy blue tank top - cotton.<br />&bull; Feminine scoop neckline.<br />&bull; Power mesh lining in shelf bra for superior support.<br />&bull; Soft, breathable fabric.<br />&bull; Dry wick fabric to stay cool and dry.</p>",29,Tank,"Gym
Outdoor
Running
Yoga","Organic Cotton","Sleeveless
Tank
Strap","Scoop Neck",Solid,"Indoor
Warm","Blue
Black
Orange",1,,,,,,Top
"Women
Tops
Bras & Tanks","Zoe Tank",WT02,"XS
S
M
L
XL
","<p>The Zoe Tank leads with eye-catching fitness-pop looks, keeping your studio style uptrend. The inner shelf bra and soft, breathable fabric create a tank top that looks, feels and fits great.</p>
<p>&bull; Salmon heather tank top.<br />&bull; 1"" elastic band on inner bra.<br />&bull; Mesh lining on shelf bra for support.<br />&bull; Soft, breathable fabric.<br />&bull; Dry wick fabric to stay cool and dry.</p>",29,Tank,"Gym
Outdoor
Yoga","Cocona&reg; performance fabric
Cotton","Sleeveless
Tank
Strap","Scoop Neck",Solid,"Indoor
Warm","Orange
Green
Yellow",,,,,,,Top
"Women
Tops
Bras & Tanks
Collections
New Luma Yoga Collection
Collections
Erin Recommends","Nora Practice Tank",WT03,"XS
S
M
L
XL
","<p>A closet go-to, the Nora Practice Tank can be worn at or after workouts or beneath a baggy tee for a laid-back style. Perfect fit and very comfortable!</p>
<p>&bull; Pink stripped tank with side rouching.<br />&bull; Pre-shrunk.<br />&bull; Garment dyed.<br />&bull; 92% Organic Cotton/8% Lycra.</p>",39,Tank,"Gym
Yoga","Lycra&reg;
Organic Cotton","Sleeveless
Tank","Scoop Neck",Solid,"Indoor
Warm","Purple
Red
Orange",,,1,1,,,Top
"Women
Tops
Bras & Tanks
Collections
Performance Fabrics","Nona Fitness Tank",WT04,"XS
S
M
L
XL
","<p>It doesn't matter if your goal is 5 miles or an hour of Vinyasa, because our Nona Fitness Tank does it all. You don't have to sacrifice either -- this v-neck top features smooth, chafe-free seams and a breathable mesh back insert. Cute, too.</p>
<p>&bull; Blue/white striped mesh tank.<br />&bull; Relaxed fit. <br />&bull; Chafe-resistant trim around armholes and collar. <br />&bull; Machine wash/dry.</p>",39,Tank,"Gym
Outdoor
Running
Yoga","Cotton
Spandex","Sleeveless
Tank
Strap","Scoop Neck",Stiped,"Indoor
Warm","Purple
Blue
Red",1,1,,,,,Top
"Women
Tops
Bras & Tanks
Collections
Erin Recommends","Leah Yoga Top",WT05,"XS
S
M
L
XL
","<p>The Leah Yoga Top offers a practical, comfortable upper that will not compromise your style. Body hugging fit and interior shelf bra make it suitable for active or leisure pursuits.</p>
<p>&bull; Blue heather rouched tank top.<br />&bull; Camisole tank top.<br />&bull; Banding and shirring details.<br />&bull; Body hugging fit.<br />&bull; Contrast topstitch.<br />&bull; Interior shelf bra with shapewear technology.<br />&bull; 65% Polyester 35% Cotton.</p>",39,"Tank
Camisole","Gym
Running
Yoga","Cotton
Polyester",Strap,"Scoop Neck",Solid,"Indoor
Warm","Purple
White
Orange",,,1,,,,Top
"Women
Tops
Bras & Tanks","Chloe Compete Tank",WT06,"XS
S
M
L
XL
","<p>You've earned your figure, so stay cool and let it do all the talking in the form-fitted, sleek racerback Chloe Compete Tank. Designed for total range of motion and performance, the Nona is made with highly breathable mesh fabric.</p>
<p>&bull; Royal blue tank top - nylon/spandex.<br />&bull; Flatlock stitching.<br />&bull; Moisture-wicking fabric. <br />&bull; Ergonomic seaming. <br />&bull; Machine wash/dry.</p>",39,Tank,"Gym
Outdoor
Running
Yoga","Mesh
Nylon
Polyester","Tank
Strap","Scoop Neck",Solid,"Indoor
Warm","Yellow
Blue
Red",,,,,,,Top
"Women
Tops
Bras & Tanks
Collections
Performance Fabrics","Maya Tunic",WT07,"XS
S
M
L
XL
","<p>With abutted seams and moisture wicking capacity, the Maya Tunic lets you work out in complete comfort.</p>
<p>&bull; Mint green heather tunic-style tank. <br />&bull; Wrapped back with cut out detail.<br />&bull; Drawcord detail at end.<br />&bull; Abutted seams.</p>",29,Tank,"Gym
Outdoor
Running
Yoga","Cocona&reg; performance fabric
Organic Cotton","Sleeveless
Tank
Strap","Scoop Neck",Solid,"Indoor
Warm","Yellow
Green
White",,1,,,,,Top
"Women
Tops
Bras & Tanks
Promotions
Women Sale
Collections
Performance Fabrics","Antonia Racer Tank",WT08,"XS
S
M
L
XL
","<p>You won't know what you like best about the Antonia Racer Tank: soft, stretchy, lightweight fabric? Super-cute colorblocked details? Whatever it is, this piece is sure to quickly move to the top of your workout rotation.</p>
<p>&bull; Machine wash.<br />&bull; Line dry.</p>",34.00,Tank,"Gym
Outdoor
Yoga","HeatTec&reg;
Nylon
Polyester","Sleeveless
Tank
Strap","Scoop Neck",Solid,"Indoor
Warm","Black
Yellow
Purple",,1,,,1,29.00,Top
"Women
Tops
Bras & Tanks
Promotions
Women Sale
Collections
Erin Recommends","Breathe-Easy Tank",WT09,"XS
S
M
L
XL
","<p>The Breathe Easy Tank is so soft, lightweight, and comfortable, you won't even know it's there -- until its high-tech Cocona&reg; fabric starts wicking sweat away from your body to help you stay dry and focused. Layer it over your favorite sports bra and get moving.</p>
<p>&bull; Machine wash/dry.<br />&bull; Cocona&reg; fabric.</p>",34.00,Tank,"Gym
Outdoor
Yoga","Cocona&reg; performance fabric
Cotton","Sleeveless
Tank
Strap","Scoop Neck",Solid,"Indoor
Warm","Yellow
White
Purple",,1,1,,1,29.00,Top
